"npc_id","class_name","mesh_name","deco_effect","scale"
"9036","LineageNPC2.br_blessed_taiboy","Branch2.br_blessed_taigirl_m00","LineageEffect.d_heartmark_deco","2.0"
"9037","LineageWarrior.MElf_DeathKnight","Elf.MElf_m000_f","LineageEffect2.h_new_clothB_deco","1.0"
"9040","LineageMonster14.fhighelf_npc","HighElf.FHighElf_m000_f","LineageEffect2.npc_stand_deco","0.0"
"13400","LineageNPC.snow_gourd","LineageNPCs.drop_gourd_m00","LineageEffect.u_event_snow","1.5"
"13401","LineageNPC.snow_gourd_bk","LineageNPCs.drop_gourd_m00","LineageEffect.u_event_snow","1.5"
"13402","LineageNPC.snow_gourd","LineageNPCs.drop_gourd_m00","LineageEffect.u_event_snowstar","1.5"
"13404","LineageNPC.snow_gourd","LineageNPCs.drop_gourd_m00","LineageEffect.u_event_snow","1.7"
"13405","LineageNPC.snow_gourd_bk","LineageNPCs.drop_gourd_m00","LineageEffect.u_event_snow","1.5"
"13406","LineageNPC.snow_gourd","LineageNPCs.drop_gourd_m00","LineageEffect.u_event_snowstar","2.0"
"13407","LineageNPC4.agathion_pis","LineageNPCs4.agathion_pis_m00","LineageEffect.u_aga_pis","1.0"
"13408","LineageNPC4.agathion_aqu","LineageNPCs4.agathion_aqu_m00","LineageEffect.u_aga_aqu","1.0"
"13409","LineageNPC4.agathion_can","LineageNPCs4.agathion_can_m00","LineageEffect.u_aga_can","1.0"
"13410","LineageNPC4.agathion_virgo","LineageNPCs4.agathion_virgo_m00","LineageEffect.u_aga_virgo","1.0"
"13411","LineageNPC4.agathion_aries","LineageNPCs4.agathion_aries_m00","LineageEffect.u_aga_aries","1.0"
"13412","LineageNPC4.agathion_capr","LineageNPCs4.agathion_capr_m00","LineageEffect.u_aga_capr","1.0"
"13413","LineageNPC4.agathion_gem","LineageNPCs4.agathion_gem_m00","LineageEffect.u_aga_gem","1.0"
"13414","LineageNPC4.agathion_leo","LineageNPCs4.agathion_leo_m00","LineageEffect.u_aga_leo","1.0"
"13415","LineageNPC4.agathion_lib","LineageNPCs4.agathion_lib_m00","LineageEffect.u_aga_lib","1.0"
"13416","LineageNPC4.agathion_sag","LineageNPCs4.agathion_sag_m00","LineageEffect.u_aga_sag","1.0"
"13417","LineageNPC4.agathion_sco","LineageNPCs4.agathion_sco_m00","LineageEffect.u_aga_sco","1.0"
"13418","LineageNPC4.agathion_tau","LineageNPCs4.agathion_tau_m00","LineageEffect.u_aga_tau","1.0"
"13497","LineageNPC4.agathion_pis","LineageNPCs4.agathion_pis_m00","LineageEffect_br.br_u_aga_pis_b","1.0"
"13498","LineageNPC4.agathion_aqu","LineageNPCs4.agathion_aqu_m00","LineageEffect_br.br_u_aga_aqu_b","1.0"
"13499","LineageNPC4.agathion_can","LineageNPCs4.agathion_can_m00","LineageEffect_br.br_u_aga_can_b","1.0"
"13500","LineageNPC4.agathion_virgo","LineageNPCs4.agathion_virgo_m00","LineageEffect_br.br_u_aga_virgo_b","1.0"
"13501","LineageNPC4.agathion_aries","LineageNPCs4.agathion_aries_m00","LineageEffect_br.br_u_aga_aries_b","1.0"
"13502","LineageNPC4.agathion_capr","LineageNPCs4.agathion_capr_m00","LineageEffect_br.br_u_aga_capr_b","1.0"
"13503","LineageNPC4.agathion_gem","LineageNPCs4.agathion_gem_m00","LineageEffect_br.br_u_aga_gem_b","1.0"
"13504","LineageNPC4.agathion_leo","LineageNPCs4.agathion_leo_m00","LineageEffect_br.br_u_aga_leo_b","1.0"
"13505","LineageNPC4.agathion_lib","LineageNPCs4.agathion_lib_m00","LineageEffect_br.br_u_aga_lib_b","1.0"
"13506","LineageNPC4.agathion_sag","LineageNPCs4.agathion_sag_m00","LineageEffect_br.br_u_aga_sag_b","1.0"
"13507","LineageNPC4.agathion_sco","LineageNPCs4.agathion_sco_m00","LineageEffect_br.br_u_aga_sco_b","1.0"
"13508","LineageNPC4.agathion_tau","LineageNPCs4.agathion_tau_m00","LineageEffect_br.br_u_aga_tau_b","1.0"
"13509","LineageNPC4.agathion_pis","LineageNPCs4.agathion_pis_m00","LineageEffect_br.br_u_aga_pis_c","1.0"
"13510","LineageNPC4.agathion_aqu","LineageNPCs4.agathion_aqu_m00","LineageEffect_br.br_u_aga_aqu_c","1.0"
"13511","LineageNPC4.agathion_can","LineageNPCs4.agathion_can_m00","LineageEffect_br.br_u_aga_can_c","1.0"
"13512","LineageNPC4.agathion_virgo","LineageNPCs4.agathion_virgo_m00","LineageEffect_br.br_u_aga_virgo_c","1.0"
"13513","LineageNPC4.agathion_aries","LineageNPCs4.agathion_aries_m00","LineageEffect_br.br_u_aga_aries_c","1.0"
"13514","LineageNPC4.agathion_capr","LineageNPCs4.agathion_capr_m00","LineageEffect_br.br_u_aga_capr_c","1.0"
"13515","LineageNPC4.agathion_gem","LineageNPCs4.agathion_gem_m00","LineageEffect_br.br_u_aga_gem_c","1.0"
"13516","LineageNPC4.agathion_leo","LineageNPCs4.agathion_leo_m00","LineageEffect_br.br_u_aga_leo_c","1.0"
"13517","LineageNPC4.agathion_lib","LineageNPCs4.agathion_lib_m00","LineageEffect_br.br_u_aga_lib_c","1.0"
"13518","LineageNPC4.agathion_sag","LineageNPCs4.agathion_sag_m00","LineageEffect_br.br_u_aga_sag_c","1.0"
"13519","LineageNPC4.agathion_sco","LineageNPCs4.agathion_sco_m00","LineageEffect_br.br_u_aga_sco_c","1.0"
"13520","LineageNPC4.agathion_tau","LineageNPCs4.agathion_tau_m00","LineageEffect_br.br_u_aga_tau_c","1.0"
"13591","LineageNPC4.agathion_virgo","LineageNPCs4.agathion_virgo_a_m00","LineageEffect_br.br_u_aga_virgo_e","1.0"
"13592","LineageNPC4.agathion_capr","LineageNPCs4.agathion_capr_a_m00","LineageEffect_br.br_u_aga_capr_e","1.0"
"13593","LineageNPC4.agathion_lib","LineageNPCs4.agathion_lib_a_m00","LineageEffect_br.br_u_aga_lib_e","1.0"
"13594","LineageNPC4.agathion_tau","LineageNPCs4.agathion_tau_a_m00","LineageEffect_br.br_u_aga_tau_e","1.0"
"13595","LineageNPC4.agathion_leo","LineageNPCs4.agathion_leo_a_m00","LineageEffect_br.br_u_aga_leo_e","1.0"
"13596","LineageNPC4.agathion_sco","LineageNPCs4.agathion_sco_a_m00","LineageEffect_br.br_u_aga_sco_e","1.0"
"13597","LineageNPC4.agathion_aqu","LineageNPCs4.agathion_aqu_a_m00","LineageEffect_br.br_u_aga_aqu_e","1.0"
"13598","LineageNPC4.agathion_sag","LineageNPCs4.agathion_sag_a_m00","LineageEffect_br.br_u_aga_sag_e","1.0"
"13599","LineageNPC4.agathion_virgo","LineageNPCs4.agathion_virgo_a_m00","LineageEffect_br.br_u_aga_virgo_d","1.0"
"13600","LineageNPC4.agathion_capr","LineageNPCs4.agathion_capr_a_m00","LineageEffect_br.br_u_aga_capr_d","1.0"
"13601","LineageNPC4.agathion_lib","LineageNPCs4.agathion_lib_a_m00","LineageEffect_br.br_u_aga_lib_d","1.0"
"13602","LineageNPC4.agathion_tau","LineageNPCs4.agathion_tau_a_m00","LineageEffect_br.br_u_aga_tau_d","1.0"
"13603","LineageNPC4.agathion_leo","LineageNPCs4.agathion_leo_a_m00","LineageEffect_br.br_u_aga_leo_d","1.0"
"13604","LineageNPC4.agathion_sco","LineageNPCs4.agathion_sco_a_m00","LineageEffect_br.br_u_aga_sco_d","1.0"
"13605","LineageNPC4.agathion_aqu","LineageNPCs4.agathion_aqu_a_m00","LineageEffect_br.br_u_aga_aqu_d","1.0"
"13606","LineageNPC4.agathion_sag","LineageNPCs4.agathion_sag_a_m00","LineageEffect_br.br_u_aga_sag_d","1.0"
"13607","LineageNPC4.agathion_gem","LineageNPCs4.agathion_gem_a_m00","LineageEffect_br.br_u_aga_gem_e","1.0"
"13618","LineageMonster4.Specular_Form","LineageMonsters4.Specular_Form_m00","LineageEffect.s_u824_spec_hand","1.0"
"13618","LineageMonster4.Specular_Form","LineageMonsters4.Specular_Form_m00","LineageEffect.s_u824_spec_hand","1.0"
"14918","LineageMonster13.sp_summon_EmperorCat_mage_A","LineageMonsters14.sp_summon_EmperorCat_mage_m00","LineageEffect2.s_common_deco_a","0.35"
"14919","LineageMonster13.sp_Summon_Unicorn_fighter_A","LineageMonsters14.Sp_Summon_Unicorn_fighter_m00","LineageEffect2.s_common_deco_b","0.35"
"14920","LineageMonster4.summoner_demon_tr_A","LineageMonsters4.summoner_demon_tr_m00","LineageEffect2.s_common_deco_c","0.35"
"15959","LineageMonster12.craft_vehicle_dwarf","LineageMonsters12.craft_vehicle_dwarf_m00","LineageEffect.bo_golem_smoke_a","1.0"
"15959","LineageMonster12.craft_vehicle_dwarf","LineageMonsters12.craft_vehicle_dwarf_m00","LineageEffect.bo_golem_smoke_a","1.0"
"15959","LineageMonster12.craft_vehicle_dwarf","LineageMonsters12.craft_vehicle_dwarf_m00","LineageEffect.u_vehicle_light_big","1.0"
"15959","LineageMonster12.craft_vehicle_dwarf","LineageMonsters12.craft_vehicle_dwarf_m00","LineageEffect.u_vehicle_light_big","1.0"
"15975","LineageMonster.queen_ant","LineageMonsters.queen_ant_m00","LineageEffect.ra_boss_halo_a_ca","3.0"
"15978","LineageMonster3.chaos_golem_ride","LineageMonsters4.chaos_golem_ride_m00","LineageEffect2.s_spacia_deco_d","1.0"
"16102","LineageMonster7.Pet_Chick_2Step","LineageMonsters7.hawk_armor_m00","LineageEffect2.hawk_red_deco","1.3"
"16102","LineageMonster7.Pet_Chick_2Step","LineageMonsters7.hawk_armor_m00","LineageEffect2.hawk_red_wingdeco","1.3"
"16102","LineageMonster7.Pet_Chick_2Step","LineageMonsters7.hawk_armor_m00","LineageEffect2.hawk_red_wingdeco","1.3"
"16103","LineageMonster7.Pet_Chick_2Step","LineageMonsters7.hawk_armor_m00","LineageEffect2.hawk_blue_deco","1.3"
"16103","LineageMonster7.Pet_Chick_2Step","LineageMonsters7.hawk_armor_m00","LineageEffect2.hawk_blue_wingdeco","1.3"
"16103","LineageMonster7.Pet_Chick_2Step","LineageMonsters7.hawk_armor_m00","LineageEffect2.hawk_blue_wingdeco","1.3"
"18007","LineageMonster2.lilim_knight_10_bi","LineageMonsters2.lilim_knight_m00","LineageEffect.u_deco_fire","1.4"
"18017","LineageNpcEV.pavel_weather_controller","LineageNPCsEV.pavel_weather_controller_m00","LineageEffect2.npc_stand_deco","1.0"
"18043","LineageMonster.ketra_orc_warrior_50_bi","LineageMonsters.ketra_orc_warrior_a_m00","LineageEffect.ra_boss_halo_a_ca","0.8"
"18049","LineageMonster.vale_master_50_bi","LineageMonsters.vale_master_m00","LineageEffect.ra_boss_halo_a_ca","0.5"
"18374","LineageMonster.orc_fighter","LineageMonsters.orc_fighter_m00","LineageEffect.u_e_u860_deco_r","1.0"
"18375","LineageMonster.orc_fighter","LineageMonsters.orc_fighter_m00","LineageEffect.u_e_u860_deco_y","1.0"
"18376","LineageMonster.orc_fighter","LineageMonsters.orc_fighter_m00","LineageEffect.u_e_u860_deco_b","1.0"
"18377","LineageMonster.orc_fighter","LineageMonsters.orc_fighter_m00","LineageEffect.u_e_u860_deco_r","1.0"
"18378","LineageMonster.orc_fighter","LineageMonsters.orc_fighter_m00","LineageEffect.u_e_u860_deco_y","1.0"
"18379","LineageMonster.orc_fighter","LineageMonsters.orc_fighter_m00","LineageEffect.u_e_u860_deco_b","1.0"
"18380","LineageMonster.orc_fighter","LineageMonsters.orc_fighter_m00","LineageEffect.u_e_u860_deco_r","1.0"
"18381","LineageMonster.orc_fighter","LineageMonsters.orc_fighter_m00","LineageEffect.u_e_u860_deco_y","1.0"
"18382","LineageMonster.orc_fighter","LineageMonsters.orc_fighter_m00","LineageEffect.u_e_u860_deco_b","1.0"
"18383","LineageMonster2.ketra_orc_chieftain","LineageMonsters2.ketra_orc_chieftain_m00","LineageEffect.u_e_u860_deco_r","1.5"
"18384","LineageMonster2.ketra_orc_chieftain","LineageMonsters2.ketra_orc_chieftain_m00","LineageEffect.u_e_u860_deco_y","1.5"
"18385","LineageMonster2.ketra_orc_chieftain","LineageMonsters2.ketra_orc_chieftain_m00","LineageEffect.u_e_u860_deco_b","1.5"
"18386","LineageMonster7.summon_orc_a","LineageMonsters8.summon_orc_a_m00","LineageEffect.u_e_u860_deco_r","2.0"
"18387","LineageMonster7.summon_orc_a","LineageMonsters8.summon_orc_a_m00","LineageEffect.u_e_u860_deco_y","2.0"
"18388","LineageMonster7.summon_orc_a","LineageMonsters8.summon_orc_a_m00","LineageEffect.u_e_u860_deco_b","2.0"
"18417","LineageMonster2.vampire_soldier","LineageMonsters2.vampire_soldier_m00","LineageEffect.u_e_u860_deco_r","0.6"
"18418","LineageMonster2.vampire_wizard","LineageMonsters2.vampire_wizard_m00","LineageEffect.u_e_u860_deco_r","0.7"
"18419","LineageMonster13.vampire_rogue","LineageMonsters15.vampire_rogue_m00","LineageEffect.u_e_u860_deco_r","0.9"
"18420","LineageMonster13.ep_vampire_wizard","LineageMonsters15.vampire_wizard_m00","LineageEffect.u_e_u860_deco_r","0.7"
"18421","LineageMonster13.vampire_rogue","LineageMonsters15.vampire_rogue_m00","LineageEffect.u_e_u860_deco_r","0.9"
"18422","LineageMonster13.ep_vampire_wizard","LineageMonsters15.vampire_wizard_m00","LineageEffect.u_e_u860_deco_r","0.7"
"18426","LineageNPC.a_mageguild_teacher_Mhuman_dead","LineageNPCs.a_mageguild_teacher_MHuman_m00","LineageEffect2.S_mon_fire_deco","1.2"
"18427","LineageNPC.e_trader_Morc_death","LineageNPCs.e_trader_MOrc_m00","LineageEffect2.S_mon_fire_deco","1.8"
"18482","LineageNpcEV.collision_small","LineageNpcsEV.collision_dummy","LineageEffect2.s_npc_qmark","1.0"
"18485","LineageNPC.camera_target_dummy_a","LineageNpcsEV.n_event_stakato_egg_m00","LineageEffect2.v_doppelganger_trophy_a","1.0"
"18537","LineageMonster4.guard_naia_c","LineageMonsters4.guard_naia_c_m00","LineageEffect2.s_npc_blood_deco","2.1"
"18538","LineageMonster2.barka_silenos_chieftain","LineageMonsters2.barka_silenos_chieftain_m00","LineageEffect2.s_npc_blood_deco","1.3"
"18539","LineageMonster2.barka_silenos_hunter","LineageMonsters2.barka_silenos_hunter_m00","LineageEffect2.s_npc_blood_deco","0.6"
"18540","LineageMonster2.barka_silenos_warrior","LineageMonsters2.barka_silenos_warrior_m00","LineageEffect2.s_npc_blood_deco","0.6"
"18541","LineageMonster2.barka_silenos_priest","LineageMonsters2.barka_silenos_priest_m00","LineageEffect2.s_npc_blood_deco","0.6"
"18542","LineageMonster7.summon_orc_henchmen","LineageMonsters8.summon_orc_henchmen_a_m00","LineageEffect2.s_npc_blood_deco","1.5"
"18543","LineageMonster.ogre","LineageMonsters.ogre_m00","LineageEffect2.s_npc_blood_deco","0.7"
"18544","LineageMonster.twin_headed_giant","LineageMonsters.twin_headed_giant_m00","LineageEffect2.s_npc_blood_deco","0.8"
"18545","LineageMonster.king_bugbear","LineageMonsters.king_bugbear_m00","LineageEffect2.s_npc_blood_deco","0.7"
"18546","LineageMonster7.rakzan_black","LineageMonsters6.rakzan_m00","LineageEffect2.s_npc_blood_deco","1.5"
"18547","LineageMonster7.crakia_karcus_p","LineageMonsters6.crakia_karcus_m00","LineageEffect2.s_npc_blood_deco","0.7"
"18548","LineageMonster7.crakia_rotus_black","LineageMonsters6.crakia_rotus_m00","LineageEffect2.s_npc_blood_deco","1.1"
"18549","LineageMonster7.crakia_batuse_black","LineageMonsters6.crakia_batuse_m00","LineageEffect2.s_npc_blood_deco","1.1"
"18552","LineageMonster4.guard_naia_c","LineageMonsters4.guard_naia_c_m00","LineageEffect2.s_npc_blood_deco","2.1"
"18553","LineageMonster4.guard_naia_c","LineageMonsters4.guard_naia_c_m00","LineageEffect2.s_npc_blood_deco","2.1"
"18654","LineageNPC5.antaras_egg","LineageNPCs5.agathion_earth_egg_m00","LineageEffect2.s_falling_stone_deco","2.4"
"18664","LineageMonster.crimson_doll","LineageMonsters.crimson_doll_m00","LineageEffect2.s_common_deco_b","0.5"
"18665","LineageMonster.shadeless","LineageMonsters.shadeless_m00","LineageEffect2.s_common_deco_b","0.5"
"18666","LineageMonster7.ancient_phantom","LineageMonsters7.ancient_phantom_m00","LineageEffect2.s_common_deco_b","0.8"
"18698","LineageNPC.snow_gourd","LineageNPCs.drop_gourd_m00","LineageEffect.u_event_snowstar","1.5"
"18701","LineageNPC.snow_gourd","LineageNPCs.drop_gourd_m00","LineageEffect.u_event_snowstar","3.0"
"18708","LineageNPC.snow_gourd","LineageNPCs.drop_gourd_m00","LineageEffect.u_event_snowstar","3.0"
"18709","LineageNPC.snow_gourd","LineageNPCs.drop_gourd_m00","LineageEffect.u_event_snowstar","3.0"
"18755","LineageMonster.death_lord","LineageMonsters.death_lord_m00","LineageEffect2.s_gyt_sword_sm","1.1"
"18761","LineageMonster12.sp_death_knight","LineageMonsters12.sp_death_knight_m00","LineageEffect2.s_gyt_sword_r","1.5"
"18785","LineageMonster.death_lord","LineageMonsters.death_lord_m00","LineageEffect2.s_gyt_sword_sm","1.1"
"18791","LineageMonster12.sp_death_knight","LineageMonsters12.sp_death_knight_m00","LineageEffect2.s_gyt_sword_r","1.5"
"18810","LineageMonster2.Pet_Tiger_2Step","LineageMonsters2.black_tiger_armor_m00","LineageEffect.d_chaos_match_deco","2.4"
"18813","LineageMonster7.genesis_garden_c_boss","LineageMonsters7.aphros_m00","LineageEffect.w_aphros_purple_deco","1.2"
"18818","LineageMonster9.amden_orc_warrior","LineageMonsters9.amden_orc_warrior_m00","LineageEffect2.h_b_bigorc_deco","1.9"
"18819","LineageMonster2.ketra_orc_chieftain","LineageMonsters2.ketra_orc_chieftain_m00","LineageEffect.u_e_u860_deco_r","1.5"
"18820","LineageMonster2.ketra_orc_chieftain","LineageMonsters2.ketra_orc_chieftain_m00","LineageEffect.u_e_u860_deco_y","1.5"
"18821","LineageMonster2.ketra_orc_chieftain","LineageMonsters2.ketra_orc_chieftain_m00","LineageEffect.u_e_u860_deco_b","1.5"
"18822","LineageMonster7.summon_orc_a","LineageMonsters8.summon_orc_a_m00","LineageEffect.u_e_u860_deco_r","2.0"
"18823","LineageMonster7.summon_orc_a","LineageMonsters8.summon_orc_a_m00","LineageEffect.u_e_u860_deco_y","2.0"
"18824","LineageMonster7.summon_orc_a","LineageMonsters8.summon_orc_a_m00","LineageEffect.u_e_u860_deco_b","2.0"
"18833","LineageMonster.kaim_vanul","LineageMonsters.kaim_vanul_m00","LineageEffect.u_kelbim_deco_dark","2.8"
"18848","LineageNPC.camera_target_dummy_a","LineageNpcsEV.n_event_stakato_egg_m00","LineageEffect2.temple_invisible_deco","1.0"
"18903","LineageMonster5.xel_mahum_warrior","LineageMonsters5.xel_mahum_warrior_m00","LineageEffect2.s_spacia_deco_e","1.6"
"18903","LineageMonster5.xel_mahum_warrior","LineageMonsters5.xel_mahum_warrior_m00","LineageEffect2.weapon_mahum_red","4.6"
"18918","LineageMonster.kaim_vanul","LineageMonsters.kaim_vanul_m00","LineageEffect.u_kelbim_deco_dark","2.8"
"18984","LineageMonster7.genesis_garden_c_boss","LineageMonsters7.aphros_m00","LineageEffect.w_aphros_purple_deco","1.2"
"18986","LineageMonster7.genesis_garden_c_boss","LineageMonsters7.aphros_m00","LineageEffect.w_aphros_purple_deco","1.2"
"19016","LineageNPC.snow_gourd","LineageNPCs.drop_gourd_m00","LineageEffect.u_event_snowstar","3.0"
"19022","LineageDeco.azit_b","LineageDecos.azit_b_m00","LineageEffect.u_kelbim_deco_dark","3.5"
"19024","LineageNPC.heart_of_warding","LineageNPCs.heart_of_warding_m00","LineageEffect.u_kelbim_deco_dark","3.5"
"19025","LineageNpcEV.tantar_totem_npc_b","LineageNpcsEV.tantar_NPC_02","LineageEffect.u_kelbim_deco_dark","3.5"
"19096","LineageNPC5.HighElf_Watchman","LineageNPCs5.HighElf_Watchman_m00","LineageEffect2.npc_stand_deco","2.0"
"19117","LineageNPC5.HighElf_Watchman","LineageNPCs5.HighElf_Watchman_m00","LineageEffect2.npc_stand_deco","2.0"
"19120","LineageNPC.snow_gourd","LineageNPCs.drop_gourd_m00","LineageEffect.u_event_snow","1.7"
"19124","LineageNPC.snow_gourd","LineageNPCs.drop_gourd_m00","LineageEffect.u_event_snow","1.7"
"19127","LineageNPC.snow_gourd","LineageNPCs.drop_gourd_m00","LineageEffect.u_event_snowstar","3.0"
"20651","LineageMonster.gamlin","LineageMonsters.gamlin_m00","LineageEffect2.s_mon_patrol_deco","1.0"
"20652","LineageMonster.leogul","LineageMonsters.leogul_m00","LineageEffect2.s_mon_patrol_deco","1.0"
"20800","LineageMonster.field_stalker","LineageMonsters.field_stalker_m00","LineageEffect.d_mon_deco_m","1.0"
"20801","LineageMonster.rakul","LineageMonsters.rakul_m00","LineageEffect.d_mon_deco_m","2.0"
"20802","LineageMonster5.scapegoat","LineageMonsters5.scapegoat_m00","LineageEffect.d_mon_deco_m","1.2"
"20803","LineageMonster.doll_master","LineageMonsters.doll_master_m00","LineageEffect.d_mon_deco_m","1.5"
"20849","LineageMonster.light_worm","LineageMonsters.light_worm_m00","LineageEffect.d_mon_deco_m","0.5"
"20994","LineageMonster4.death_scout_110p","LineageMonsters4.death_scout_m00","LineageEffect.d_mon_deco_m","1.0"
"20995","LineageMonster.theeder","LineageMonsters.theeder_m00","LineageEffect.d_mon_deco_m","1.0"
"21037","LineageMonster.leogul_A","LineageMonsters.leogul_m00","LineageEffect2.s_mon_patrol_deco","1.0"
"21661","LineageMonster.blade_stakato_worker","LineageMonsters.blade_stakato_worker_m00","Lineageeffect.d_mon_deco_dr","1.5"
"21662","LineageMonster.blade_stakato_soldier","LineageMonsters.blade_stakato_soldier_m00","Lineageeffect.d_mon_deco_dr","1.5"
"21663","LineageMonster.blade_stakato_drone","LineageMonsters.blade_stakato_drone_m00","Lineageeffect.d_mon_deco_dr","2.0"
"21664","LineageMonster2.scorpion_20_sm","LineageMonsters2.scorpion_m00","Lineageeffect.d_mon_deco_dr","2.0"
"21665","LineageMonster2.scarab","LineageMonsters2.scarab_m00","Lineageeffect.d_mon_deco_dr","1.2"
"21666","LineageMonster2.tera_beetle","LineageMonsters2.tera_beetle_m00","Lineageeffect.d_mon_deco_dr","2.0"
"21667","LineageMonster.skeleton_knight","LineageMonsters.skeleton_knight_m00","Lineageeffect.d_mon_deco_dr","1.2"
"21668","LineageMonster.skeleton_royal_guard","LineageMonsters.skeleton_royal_guard_m00","Lineageeffect.d_mon_deco_dr","1.2"
"21669","LineageMonster.vale_master_20_bi","LineageMonsters.vale_master_m00","Lineageeffect.d_mon_deco_dr","1.3"
"21670","LineageMonster.stone_golem","LineageMonsters.stone_golem_m00","Lineageeffect.d_mon_deco_dr","2.0"
"21671","LineageMonster2.lava_golem","LineageMonsters2.lava_golem_m00","Lineageeffect.d_mon_deco_dr","2.5"
"21672","LineageMonster2.ahrimanes","LineageMonsters2.ahrimanes_m00","Lineageeffect.d_mon_deco_dr","2.0"
"21773","LineageMonster4.Crystal_Golem","LineageMonsters4.Crystal_Golem_m00","LineageEffect.d_mon_deco_m","2.0"
"21785","LineageMonster13.fury_spirit_toas","LineageMonsters14.fury_spirit_a_toas_m00","LineageEffect.d_mon_deco_w","1.0"
"21786","LineageMonster13.kicu","LineageMonsters13.kicu_m00","LineageEffect.d_mon_deco_w","1.0"
"21787","LineageMonster13.fury_spirit_toas","LineageMonsters14.fury_spirit_a_toas_m00","LineageEffect.d_mon_deco_w","1.0"
"21788","LineageMonster13.fury_spirit_toas","LineageMonsters14.fury_spirit_a_toas_m00","LineageEffect.d_mon_deco_w","1.0"
"21789","LineageMonster13.floato","LineageMonsters13.floato_m00","LineageEffect.d_mon_deco_w","1.0"
"21790","LineageMonster13.cluster_spirit_toas","LineageMonsters14.cluster_spirit_toas_m00","LineageEffect.d_mon_deco_w","2.0"
"21791","LineageMonster13.keeper_spirit_origin_toas","LineageMonsters14.keeper_spirit_origin_toas_m00","LineageEffect.d_mon_deco_w","2.0"
"21792","LineageMonster4.Mostro_Fighter","LineageMonsters4.Mostro_Fighter_m00","LineageEffect.d_mon_deco_w","1.0"
"21793","LineageMonster12.porous","LineageMonsters12.porous_m00","LineageEffect.d_mon_deco_w","1.0"
"21822","LineageMonster2.homunculus_20_sm","LineageMonsters2.homunculus_m00","LineageEffect.d_mon_deco_g","1.3"
"21823","LineageMonster2.bionic_bear","LineageMonsters2.bionic_bear_ec_m00","LineageEffect.d_mon_deco_g","1.5"
"21824","LineageMonster2.parasitic_eye","LineageMonsters2.parasitic_eye_m00","LineageEffect.d_mon_deco_g","2.0"
"21825","LineageMonster2.homunculus","LineageMonsters2.homunculus_m00","LineageEffect.d_mon_deco_g","1.3"
"21826","LineageMonster2.parasitic_eye","LineageMonsters2.parasitic_eye_m00","LineageEffect.d_mon_deco_g","2.0"
"21827","LineageMonster2.bandersnatch","LineageMonsters2.bandersnatch_a_m00","LineageEffect.d_mon_deco_g","1.3"
"21828","LineageMonster2.apostle_warrior","LineageMonsters2.apostle_warrior_m00","LineageEffect.d_mon_deco_g","1.3"
"21829","LineageMonster2.apostle_warrior","LineageMonsters2.apostle_warrior_m00","LineageEffect.d_mon_deco_g","1.3"
"21830","LineageMonster2.apostle_warrior","LineageMonsters2.apostle_warrior_m00","LineageEffect.d_mon_deco_g","1.3"
"21831","LineageMonster2.apostle_mage","LineageMonsters2.apostle_mage_m00","LineageEffect.d_mon_deco_g","2.0"
"21832","LineageMonster2.apostle_mage","LineageMonsters2.apostle_mage_m00","LineageEffect.d_mon_deco_g","2.0"
"22336","LineageMonster10.spa_normal_m","LineageMonsters10.spa_normal_m_m00","LineageEffect.d_hellfire_fire_h","1.0"
"22338","LineageMonster10.spa_engineer","LineageMonsters10.spa_engineer_m00","LineageEffect.d_hellfire_fire_g","1.0"
"22339","LineageMonster10.kunda_a","LineageMonsters10.kunda_a_m00","LineageEffect.d_hellfire_fire_f","2.5"
"22354","LineageMonster7.crakia_batuse_black","LineageMonsters6.crakia_batuse_m00","LineageEffect.w_elec_deco_a","1.0"
"22355","LineageMonster7.crakia_rotus_black","LineageMonsters6.crakia_rotus_m00","LineageEffect.w_elec_deco_c","1.0"
"22355","LineageMonster7.crakia_rotus_black","LineageMonsters6.crakia_rotus_m00","LineageEffect.w_elec_deco_c","1.0"
"22356","LineageMonster7.rakzan_black","LineageMonsters6.rakzan_m00","LineageEffect.w_elec_deco_b","0.83"
"22356","LineageMonster7.rakzan_black","LineageMonsters6.rakzan_m00","LineageEffect.w_elec_deco_b","0.83"
"22370","LineageMonster7.crakia_batuse","LineageMonsters6.crakia_batuse_m00","LineageEffect.w_elec_deco_a","1.0"
"22417","LineageMonster4.floating_skeleton","LineageMonsters4.floating_skeleton_m00","LineageEffect.e_u321_deco","1.0"
"22437","LineageMonster2.parasitic_eye","LineageMonsters2.parasitic_eye_m00","LineageEffect.d_mon_deco_g","2.0"
"22438","LineageMonster2.antelope","LineageMonsters2.antelope_m00","LineageEffect.d_mon_deco_g","1.2"
"22443","LineageMonster2.homunculus","LineageMonsters2.homunculus_m00","LineageEffect.d_mon_deco_g","2.0"
"22444","LineageMonster2.bandersnatch","LineageMonsters2.bandersnatch_a_m00","LineageEffect.d_mon_deco_g","1.3"
"22458","LineageMonster12.ut_rima","LineageMonsters12.ut_rima_m00","Lineageeffect.d_mon_deco_dr","2.0"
"22499","LineageMonster4.lich_A_088p","LineageMonsters4.Lich_A_m00","LineageEffect.e_u328_pot_B","1.2"
"22636","LineageMonster13.archon_of_fort_embryo","LineageMonsters14.archon_of_fort_embryo_m00","LineageEffect.d_mon_blood_deco_b","1.2"
"22644","LineageMonster3.self_blaster","LineageMonsters3.self_blaster_m00","LineageEffect.d_mon_blood_deco_b","1.2"
"22645","LineageMonster3.zombie_laborer","LineageMonsters3.zombie_laborer_m00","LineageEffect.d_mon_blood_deco_b","1.2"
"22703","LineageMonster3.self_blaster","LineageMonsters3.self_blaster_m00","LineageEffect.d_mon_blood_deco_b","1.5"
"22704","LineageMonster3.zombie_laborer","LineageMonsters3.zombie_laborer_m00","LineageEffect.d_mon_blood_deco_b","1.2"
"22705","LineageMonster3.zombie_enlisted_man_origin","LineageMonsters3.zombie_enlisted_man_m00","LineageEffect.d_mon_blood_deco_b","1.0"
"22765","LineageMonster5.brakian","LineageMonsters5.brakian_m00","LineageEffect2.h_r_beehive1A_deco","0.72"
"22765","LineageMonster5.brakian","LineageMonsters5.brakian_m00","LineageEffect2.h_r_beehive1B_deco","0.72"
"22766","LineageMonster7.rachikion","LineageMonsters8.rachikion_m00","LineageEffect2.h_r_beehive2A_deco","0.7"
"22766","LineageMonster7.rachikion","LineageMonsters8.rachikion_m00","LineageEffect2.h_r_beehive2B_deco","0.7"
"22767","LineageMonster7.rachikios_a","LineageMonsters8.rachickios_a_m00","LineageEffect2.h_r_beehive3A_deco","0.7"
"22767","LineageMonster7.rachikios_a","LineageMonsters8.rachickios_a_m00","LineageEffect2.h_r_beehive3B_deco","0.7"
"22791","LineageMonster7.fae_avenger","LineageMonsters7.fae_avenger_m00","LineageEffect.u_e_u860_deco_r","0.9"
"22792","LineageMonster7.satyr_shaman","LineageMonsters7.satyr_shaman_m00","LineageEffect.u_e_u860_deco_r","1.0"
"22796","LineageMonster7.fairy_warrior_dark_a","LineageMonsters7.fae_avenger_m00","LineageEffect.u_e_u860_deco_r","0.9"
"22797","LineageMonster7.satyr_shaman","LineageMonsters7.satyr_shaman_m00","LineageEffect.u_e_u860_deco_r","1.0"
"22801","LineageMonster7.fairy_old_beast","LineageMonsters7.fairy_old_beast_m00","LineageEffect.u_wind_storm_deco","1.5"
"22802","LineageMonster4.fairy_princess_pet","LineageMonsters4.fairy_princess_the_pet_m00","LineageEffect.u_wind_storm_deco","1.0"
"22879","LineageMonster4.Divine_tanker","LineageMonsters4.Divine_tanker_m00","LineageEffect2.s_common_deco_a","0.6"
"22880","LineageNPC2.fallow_of_solina","LineageNPCs2.fallow_of_solina_m00","LineageEffect2.s_common_deco_c","0.6"
"22883","LineageMonster4.Divine_tanker","LineageMonsters4.Divine_tanker_m00","LineageEffect2.s_common_deco_a","0.7"
"22884","LineageNPC2.fallow_of_solina","LineageNPCs2.fallow_of_solina_m00","LineageEffect2.s_common_deco_c","0.7"
"22887","LineageMonster4.Divine_tanker","LineageMonsters4.Divine_tanker_m00","LineageEffect2.s_common_deco_a","0.8"
"22888","LineageNPC2.fallow_of_solina","LineageNPCs2.fallow_of_solina_m00","LineageEffect2.s_common_deco_c","0.8"
"22901","LineageMonster4.Divine_tanker","LineageMonsters4.Divine_tanker_m00","LineageEffect2.s_common_deco_a","0.6"
"22902","LineageNPC2.fallow_of_solina","LineageNPCs2.fallow_of_solina_m00","LineageEffect2.s_common_deco_c","0.6"
"25035","LineageMonster.vale_master_50_bi","LineageMonsters.vale_master_m00","LineageEffect.ra_boss_halo_a_ca","0.5"
"25054","LineageMonster.kaim_vanul_50_bi","LineageMonsters.kaim_vanul_m00","LineageEffect.ra_boss_halo_a_ca","1.0"
"25073","LineageMonster.karik_25_bi","LineageMonsters.karik_m00","LineageEffect.ra_boss_halo_a_ca","2.0"
"25126","LineageMonster.minotaur_100_bi","LineageMonsters.minotaur_m00","LineageEffect.ra_boss_halo_a_ca","1.0"
"25202","LineageMonster.nos_100_bi","LineageMonsters.nos_m00","LineageEffect.ra_boss_halo_a_ca","1.2"
"25220","LineageMonster.death_lord_50_bi","LineageMonsters.death_lord_m00","LineageEffect.ra_boss_halo_a_ca","1.0"
"25229","LineageMonster.wyrm_50_bi","LineageMonsters.wyrm_m00","LineageEffect.ra_boss_halo_a_ca","0.9"
"25248","LineageMonster3.Death_Blader_Raid","LineageMonsters3.Death_Blader_Raid_m00","LineageEffect.ra_boss_halo_a_ca","0.65"
"25252","LineageMonster.cave_maiden_50_bi","LineageMonsters.cave_maiden_m00","LineageEffect.ra_boss_halo_a_ca","1.0"
"25256","LineageMonster.ketra_orc_warrior_50_bi","LineageMonsters.ketra_orc_warrior_a_m00","LineageEffect.ra_boss_halo_a_ca","0.8"
"25269","LineageMonster3.Elder_Troll","LineageMonsters3.elder_troll_m00","LineageEffect.ra_boss_halo_a_ca","1.3"
"25276","LineageMonster.death_lord_50_bi","LineageMonsters.death_lord_m00","LineageEffect.ra_boss_halo_a_ca","1.0"
"25281","LineageMonster.karik_50_bi","LineageMonsters.karik_m00","LineageEffect.ra_boss_halo_a_ca","2.0"
"25282","LineageMonster.death_lord_50_bi","LineageMonsters.death_lord_m00","LineageEffect.ra_boss_halo_a_ca","1.0"
"25299","LineageMonster2.ketra_orc_chieftain_20_bi","LineageMonsters2.ketra_orc_chieftain_m00","LineageEffect.ra_boss_halo_a_ca","1.3"
"25302","LineageMonster2.ketra_orc_warlord_20_bi","LineageMonsters2.ketra_orc_warlord_m00","LineageEffect.ra_boss_halo_a_ca","0.7"
"25305","LineageMonster2.ketra_warbeast","LineageMonsters2.ketra_warbeast_m00","LineageEffect.ra_boss_halo_a_ca","1.5"
"25306","LineageMonster2.ifrit","LineageMonsters2.ifrit_m00","LineageEffect.ra_boss_halo_a_ca","1.0"
"25309","LineageMonster2.barka_silenos_shaman_20_bi","LineageMonsters2.barka_silenos_shaman_m00","LineageEffect.ra_boss_halo_a_ca","0.6"
"25312","LineageMonster2.barka_silenos_chieftain_20_bi","LineageMonsters2.barka_silenos_chieftain_m00","LineageEffect.ra_boss_halo_b_ca","0.5"
"25315","LineageMonster2.barka_silenos_chieftain_20_bi","LineageMonsters2.barka_silenos_chieftain_m00","LineageEffect.ra_boss_halo_b_ca","0.5"
"25342","LineageMonster2.halisha_b","LineageMonsters2.halisha_b_m00","LineageEffect.ra_boss_halo_a_ca","0.8"
"25453","LineageMonster.wyrm_50_bi","LineageMonsters.wyrm_m00","LineageEffect.ra_boss_halo_a_ca","0.9"
"25913","LineageMonster.kaim_vanul","LineageMonsters.kaim_vanul_m00","LineageEffect.u_kelbim_deco_dark","2.8"
"25956","LineageMonster4.rahuu","LineageMonsters4.rahuu_m00","LineageEffect.d_ghost_deco_c","3.0"
"25957","LineageMonster4.bonecreeper","LineageMonsters4.bonecreeper_m00","LineageEffect.d_ghost_deco_c","3.0"
"25958","LineageMonster12.archon_terakan","LineageMonsters12.archon_bamue_m00","LineageEffect.d_ghost_deco_c","3.0"
"25959","LineageMonster4.summoner_demon_tr","LineageMonsters4.summoner_demon_tr_m00","LineageEffect.d_ghost_deco_c","3.0"
"25960","LineageMonster.skeleton","LineageMonsters7.skeleton_boss_m00","LineageEffect.d_ghost_deco_c","3.0"
"25961","LineageMonster.death_knight","LineageMonsters.death_knight_m00","LineageEffect.d_ghost_deco_c","2.0"
"25962","LineageMonster.vale_master","LineageMonsters.vale_master_m00","LineageEffect.d_ghost_deco_c","2.0"
"25963","LineageMonster.angel","LineageMonsters.angel_m00","LineageEffect.d_ghost_deco_c","2.0"
"25968","LineageMonster4.LaneCoo","LineageMonsters4.LaneCoo_m00","LineageEffect.d_ghost_deco_c","1.6"
"25969","LineageMonster4.Caravan_Slave_a","LineageMonsters4.Caravan_Slave_m00","LineageEffect.e_u840_caravan","1.0"
"25970","LineageMonster3.Death_Blader_Raid","LineageMonsters3.Death_Blader_Raid_m00","LineageEffect.ra_boss_halo_a_ca","1.5"
"25973","LineageMonster4.banshee_queen_red","LineageMonsters4.banshee_queen_m00","LineageEffect.e_u320_deco","1.0"
"25976","LineageMonster2.fortuna_lilim_wizard_10_bi","LineageMonsters2.lilim_wizard_m00","LineageEffect.z_body_deco_aura_b","3.0"
"26046","LineageMonster.ol_mahum","LineageMonsters.ol_mahum_m00","LineageEffect.u_kelbim_deco_dark","3.0"
"26047","LineageMonster.ol_mahum_champion","LineageMonsters.ol_mahum_champion_m00","LineageEffect.u_kelbim_deco_dark","3.0"
"26048","LineageMonster.oel_mahum_witch_doctor_300p","LineageMonsters.oel_mahum_witch_doctor_m00","LineageEffect.u_kelbim_deco_dark","4.0"
"26049","LineageMonster.oel_mahum_300p","LineageMonsters.oel_mahum_m00","LineageEffect.u_kelbim_deco_dark","3.5"
"26050","LineageMonster.oel_mahum_warrior_300p","LineageMonsters.oel_mahum_warrior_m00","LineageEffect.u_kelbim_deco_dark","4.0"
"26051","LineageMonster5.xel_mahum_warrior","LineageMonsters5.xel_mahum_warrior_m00","LineageEffect.u_kelbim_deco_dark","4.0"
"26052","LineageMonster.ol_mahum","LineageMonsters.ol_mahum_m00","LineageEffect.d_ghost_deco_c","2.5"
"26053","LineageMonster.ol_mahum_archer","LineageMonsters.ol_mahum_archer_m00","LineageEffect.d_ghost_deco_c","2.5"
"26054","LineageMonster.ol_mahum_champion","LineageMonsters.ol_mahum_champion_m00","LineageEffect.d_ghost_deco_c","2.5"
"26055","LineageMonster.ol_mahum_champion","LineageMonsters.ol_mahum_champion_m00","LineageEffect.d_ghost_deco_c","2.5"
"26056","LineageMonster.oel_mahum_50_bi","LineageMonsters.oel_mahum_m00","LineageEffect.d_ghost_deco_c","4.0"
"26057","LineageMonster.oel_mahum_witch_doctor_50_bi","LineageMonsters.oel_mahum_witch_doctor_m00","LineageEffect.d_ghost_deco_c","4.0"
"26058","LineageMonster.oel_mahum_warrior_50_bi","LineageMonsters.oel_mahum_warrior_m00","LineageEffect.d_ghost_deco_c","4.0"
"26059","LineageMonster.oel_mahum_champion","LineageMonsters.oel_mahum_champion_m00","LineageEffect.d_ghost_deco_c","4.0"
"26060","LineageMonster5.xel_mahum_warrior","LineageMonsters5.xel_mahum_warrior_m00","LineageEffect.d_ghost_deco_c","4.0"
"26061","LineageMonster5.xel_mahum_high_sorcerer","LineageMonsters5.xel_mahum_high_sorcerer_m00","LineageEffect.d_ghost_deco_c","4.0"
"26062","LineageMonster.kel_mahum_warrior","LineageMonsters.kel_mahum_warrior_m00","LineageEffect.d_ghost_deco_c","2.5"
"26063","LineageMonster5.xel_mahum_sniper_A","LineageMonsters5.xel_mahum_sniper_m00","LineageEffect.d_ghost_deco_c","4.0"
"26083","LineageMonster.drake","LineageMonsters.drake_m00","LineageEffect.u_kelbim_deco_dark","4.0"
"26084","LineageMonster.cave_maiden_250p","LineageMonsters.cave_maiden_m00","LineageEffect.u_kelbim_deco_dark","2.8"
"26085","LineageMonster4.lich_A_110p","LineageMonsters4.Lich_A_m00","LineageEffect.u_kelbim_deco_dark","2.8"
"26087","LineageMonster5.dimension_caller","LineageMonsters5.dimension_caller_m00","LineageEffect.u_kelbim_deco_dark","2.8"
"26088","LineageMonster4.death_knight_n_280p","LineageMonsters4.Death_Knight_A_m00","LineageEffect.u_kelbim_deco_dark","2.8"
"26089","LineageMonster.serpent_slave","LineageMonsters.serpent_slave_m00","LineageEffect.d_ghost_deco_c","2.0"
"26090","LineageMonster.cave_maiden_50_bi","LineageMonsters.cave_maiden_m00","LineageEffect.d_ghost_deco_c","2.0"
"26091","LineageMonster.cave_maiden_50_bi","LineageMonsters.cave_maiden_m00","LineageEffect.d_ghost_deco_c","2.0"
"26092","LineageMonster.banshee","LineageMonsters.banshee_m00","LineageEffect.d_ghost_deco_c","2.0"
"26093","LineageMonster.bloody_queen_50_bi","LineageMonsters.bloody_queen_m00","LineageEffect.d_ghost_deco_c","2.0"
"26094","LineageMonster3.Succubus_Raid","LineageMonsters3.succubus_raid_m00","LineageEffect.d_ghost_deco_c","2.0"
"26095","LineageMonster.death_blader_bi","LineageMonsters.death_blader_m00","LineageEffect.d_ghost_deco_c","2.8"
"26096","LineageMonster5.dimension_caller_a","LineageMonsters5.dimension_caller_m00","LineageEffect.d_ghost_deco_c","2.0"
"26097","LineageMonster4.death_knight_n_104p","LineageMonsters4.Death_Knight_A_m00","LineageEffect.d_ghost_deco_c","2.8"
"26114","LineageMonster.zenta_lizardman_matriarch_200p","LineageMonsters.zenta_lizardman_matriarch_m00","LineageEffect.u_kelbim_deco_dark","2.8"
"26115","LineageMonster.zenta_lizardman_matriarch_200p","LineageMonsters.zenta_lizardman_matriarch_m00","LineageEffect.u_kelbim_deco_dark","2.8"
"26116","LineageMonster5.tantaar_lizardman_sorcerer","LineageMonsters5.tantaar_lizardman_sorcerer_m00","LineageEffect.u_kelbim_deco_dark","2.8"
"26117","LineageMonster13.high_lizard_shaman","LineageMonsters14.high_lizard_shaman_m00","LineageEffect.u_kelbim_deco_dark","2.8"
"26118","LineageMonster5.tantaar_lizardman_warrior","LineageMonsters5.tantaar_lizardman_warrior_m00","LineageEffect.u_kelbim_deco_dark","2.8"
"26119","LineageMonster13.high_lizard_archer","LineageMonsters14.high_lizard_archer_m00","LineageEffect.u_kelbim_deco_dark","2.8"
"26120","LineageMonster.zenta_lizardman_matriarch_bi","LineageMonsters.zenta_lizardman_matriarch_m00","LineageEffect.d_ghost_deco_c","2.0"
"26121","LineageMonster.zenta_lizardman_shaman_50_bi","LineageMonsters.zenta_lizardman_shaman_m00","LineageEffect.d_ghost_deco_c","2.0"
"26122","LineageMonster5.tantaar_lizardman_sorcerer","LineageMonsters5.tantaar_lizardman_sorcerer_m00","LineageEffect.d_ghost_deco_c","2.0"
"26123","LineageMonster.zenta_lizardman_matriarch_50_bi","LineageMonsters.zenta_lizardman_matriarch_m00","LineageEffect.d_ghost_deco_c","2.0"
"26124","LineageMonster5.tantaar_lizardman_high_sorcerer","LineageMonsters5.tantaar_lizardman_high_sorcerer_m00","LineageEffect.d_ghost_deco_c","2.0"
"26125","LineageMonster13.high_lizard_shaman","LineageMonsters14.high_lizard_shaman_m00","LineageEffect.d_ghost_deco_c","2.0"
"26126","LineageMonster.zenta_lizardman_matriarch_50_bi","LineageMonsters.zenta_lizardman_matriarch_m00","LineageEffect.d_ghost_deco_c","2.0"
"26127","LineageMonster13.high_lizard_archer","LineageMonsters14.high_lizard_archer_m00","LineageEffect.d_ghost_deco_c","2.5"
"26128","LineageMonster5.tantaar_lizardman_warrior","LineageMonsters5.tantaar_lizardman_warrior_m00","LineageEffect.d_ghost_deco_c","2.8"
"26129","LineageMonster.virud_lizardman_warrior","LineageMonsters.virud_lizardman_warrior_m00","LineageEffect.d_ghost_deco_c","2.0"
"26130","LineageMonster5.tantaar_lizardman_warrior","LineageMonsters5.tantaar_lizardman_warrior_m00","LineageEffect.d_ghost_deco_c","2.8"
"26131","LineageMonster13.high_lizard_archer","LineageMonsters14.high_lizard_archer_m00","LineageEffect.d_ghost_deco_c","2.5"
"26146","LineageMonster.skeleton_knight_50_bi","LineageMonsters.skeleton_knight_m00","LineageEffect.d_ghost_deco_c","2.0"
"26147","LineageMonster.succubus_100_bi","LineageMonsters.succubus_m00","LineageEffect.d_ghost_deco_c","2.0"
"26148","LineageMonster3.Bloody_Queen_Raid","LineageMonsters3.bloody_queen_raid_m00","LineageEffect.d_ghost_deco_c","2.0"
"26149","LineageMonster.skeleton_pikeman_100_bi","LineageMonsters.skeleton_pikeman_m00","LineageEffect.d_ghost_deco_c","2.0"
"26150","LineageMonster5.dimension_caller","LineageMonsters5.dimension_caller_m00","LineageEffect.d_ghost_deco_c","2.0"
"26151","LineageMonster.death_lord_50_bi","LineageMonsters.death_lord_m00","LineageEffect.d_ghost_deco_c","2.0"
"26152","LineageMonster3.Succubus_Raid","LineageMonsters3.succubus_raid_m00","LineageEffect.d_ghost_deco_c","2.0"
"26153","LineageMonster.karik_25_bi","LineageMonsters.karik_m00","LineageEffect.d_ghost_deco_c","2.0"
"26154","LineageMonster4.banshee_queen_red","LineageMonsters4.banshee_queen_m00","LineageEffect.d_ghost_deco_c","2.0"
"26155","LineageMonster.skeleton_knight_50_bi","LineageMonsters.skeleton_knight_m00","LineageEffect.u_kelbim_deco_dark","2.2"
"26156","LineageMonster.succubus_100_bi","LineageMonsters.succubus_m00","LineageEffect.u_kelbim_deco_dark","1.8"
"26157","LineageMonster.skeleton_pikeman_100_bi","LineageMonsters.skeleton_pikeman_m00","LineageEffect.u_kelbim_deco_dark","2.0"
"26158","LineageMonster.death_lord_250p","LineageMonsters.death_lord_m00","LineageEffect.u_kelbim_deco_dark","2.2"
"26159","LineageMonster.karik_25_bi","LineageMonsters.karik_m00","LineageEffect.u_kelbim_deco_dark","2.8"
"26160","LineageMonster4.banshee_queen_red","LineageMonsters4.banshee_queen_m00","LineageEffect.u_kelbim_deco_dark","1.8"
"26183","LineageMonster.zenta_lizardman_shaman_50_bi","LineageMonsters.zenta_lizardman_shaman_m00","LineageEffect.d_ghost_deco_c","2.0"
"26184","LineageMonster.zenta_lizardman_shaman_50_bi","LineageMonsters.zenta_lizardman_shaman_m00","LineageEffect.d_ghost_deco_c","2.0"
"26185","LineageMonster5.tantaar_lizardman_sorcerer","LineageMonsters5.tantaar_lizardman_sorcerer_m00","LineageEffect.d_ghost_deco_c","2.0"
"26186","LineageMonster.zenta_lizardman_matriarch_50_bi","LineageMonsters.zenta_lizardman_matriarch_m00","LineageEffect.d_ghost_deco_c","2.0"
"26187","LineageMonster5.tantaar_lizardman_high_sorcerer","LineageMonsters5.tantaar_lizardman_high_sorcerer_m00","LineageEffect.d_ghost_deco_c","2.0"
"26188","LineageMonster13.high_lizard_shaman","LineageMonsters14.high_lizard_shaman_m00","LineageEffect.d_ghost_deco_c","2.0"
"26189","LineageMonster.virud_lizardman_warrior","LineageMonsters.virud_lizardman_warrior_m00","LineageEffect.d_ghost_deco_c","2.0"
"26190","LineageMonster5.tantaar_lizardman_warrior","LineageMonsters5.tantaar_lizardman_warrior_m00","LineageEffect.d_ghost_deco_c","2.8"
"26191","LineageMonster13.high_lizard_archer","LineageMonsters14.high_lizard_archer_m00","LineageEffect.d_ghost_deco_c","2.5"
"26192","LineageMonster.zenta_lizardman_matriarch_200p","LineageMonsters.zenta_lizardman_matriarch_m00","LineageEffect.u_kelbim_deco_dark","2.8"
"26193","LineageMonster.zenta_lizardman_matriarch_200p","LineageMonsters.zenta_lizardman_matriarch_m00","LineageEffect.u_kelbim_deco_dark","2.8"
"26194","LineageMonster5.tantaar_lizardman_sorcerer","LineageMonsters5.tantaar_lizardman_sorcerer_m00","LineageEffect.u_kelbim_deco_dark","2.8"
"26195","LineageMonster13.high_lizard_shaman","LineageMonsters14.high_lizard_shaman_m00","LineageEffect.u_kelbim_deco_dark","2.8"
"26196","LineageMonster5.tantaar_lizardman_warrior","LineageMonsters5.tantaar_lizardman_warrior_m00","LineageEffect.u_kelbim_deco_dark","2.8"
"26197","LineageMonster13.high_lizard_archer","LineageMonsters14.high_lizard_archer_m00","LineageEffect.u_kelbim_deco_dark","2.8"
"29110","LineageNpcEV.collision_small","LineageNpcsEV.collision_dummy","LineageEffect.d_mon_ice2_deco","1.0"
"29125","LineageNpcEV.collision_small","LineageNpcsEV.collision_dummy","LineageEffect.d_mon_ice2_deco","1.0"
"29156","LineageMonster5.event_mimic_white","LineageMonsters5.bounded_mimic_m00","LineageEffect2.npc_stand_deco_g","1.0"
"29175","LineageNPC.baium_npc","LineageNPCs.baium_npc_m00","LineageEffect2.s_spacia_deco_a","2.5"
"29178","LineageMonster3.Cruel_Rider","LineageMonsters3.orc_rider_ancestor_m00","LineageEffect.d_chaos_match_deco","1.0"
"29250","LineageNPC.baium_npc","LineageNPCs.baium_npc_m00","LineageEffect2.s_spacia_deco_a","2.5"
"30009","LineageNPC4.a_fighterguild_teacher_MHuman","LineageNPCs4.a_fighterguild_teacher_MHuman_m00","LineageEffect.u_npc_id_buff","1.0"
"30011","LineageMonster.orc_shaman","LineageMonsters.orc_shaman_m00","LineageEffect.u_npc_id_b","1.5"
"30019","LineageNPC.a_mageguild_teacher_MHuman","LineageNPCs.a_mageguild_teacher_MHuman_m00","LineageEffect.u_npc_id_buff","1.0"
"30131","LineageNPC.a_clergyman_FDarkElf","LineageNPCs.a_clergyman_FDarkElf_m00","LineageEffect.u_npc_id_buff","1.0"
"30400","LineageNPC.a_guard_MElf","LineageNPCs.a_guard_MElf_m00","LineageEffect.u_npc_id_buff","1.0"
"30404","LineageNPC.a_clergyman_MDarkElf","LineageNPCs.a_clergyman_MDarkElf_m00","LineageEffect.u_npc_id_buff","1.0"
"30530","LineageNPC.e_mine_teacher_FDwarf","LineageNPCs.e_mine_teacher_FDwarf_m00","LineageEffect.u_npc_id_buff","1.0"
"30575","LineageNPC.e_clergyman_FOrc","LineageNPCs.e_clergyman_FOrc_m00","LineageEffect.u_npc_id_buff","1.0"
"33833","LineageNPC2.battery_of_insurgents","LineageNPCs2.battery_of_insurgents_m00","LineageEffect.u_npc_id_b","1.0"
"34095","LineageNPC.e_smith_Fdwarf","LineageNPCs.e_smith_Fdwarf_m00","LineageEffect.u_npc_id_b","1.0"
"34107","LineageNPC2.br_LuckyPig","Branch2.br_LuckyPig_m00","LineageEffect2.gold_heart_deco","2.0"
"34119","LineageMonster13.ndwarf_worker_a","LineageMonsters16.ndwarf_worker_a_m00","LineageEffect2.npc_stand_deco","1.0"
"34127","LineageMonster.mimic_even","LineageMonsters.alchemic_box_m00","LineageEffect.u_e_u860_deco_r","0.8"
"34128","LineageMonster.mimic_even","LineageMonsters.alchemic_box_m00","LineageEffect.u_e_u860_deco_y","0.8"
"34129","LineageMonster.mimic_even","LineageMonsters.alchemic_box_m00","LineageEffect.u_e_u860_deco_b","0.8"
"34160","LineageNPC.e_patriarch_MOrc","LineageNPCs.e_patriarch_MOrc_m00","LineageEffect.u_card_npcdeco","1.0"
"34164","LineageNPC5.epic_freya_kanna","LineageNpcs5.epic_freya_kanna_m00","LineageEffect.u_npc_id_b","1.3"
"34165","LineageNPC4.a_fighterguild_teacher_FHuman","LineageNPCs4.a_fighterguild_teacher_FHuman_m00","LineageEffect.u_npc_id_b","1.3"
"34168","LineageMonster4.little_mouse_pink","LineageMonsters4.little_mouse2_magichat_m00","LineageEffect.u_npc_id_b","1.2"
"34174","LineageNPC2.tow_lure","LineageNPCs2.tow_lure_m00","LineageEffect2.npc_stand_deco","1.0"
"34177","LineageNPC.e_mine_master_MDwarf","LineageNPCs.e_mine_master_MDwarf_m00","LineageEffect2.npc_stand_deco","1.0"
"34179","LineageNPC4.a_traderB_MHuman","LineageNPCs4.a_traderB_MHuman_m00","LineageEffect2.npc_stand_deco","1.0"
"34180","LineageNPC4.a_traderB_Mhuman_pet","LineageNPCs4.a_traderB_Mhuman_pet_m00","LineageEffect2.npc_stand_deco","1.0"
"34184","LineageNPC2.dilios","LineageNPCs2.dilios_m00","LineageEffect2.npc_stand_deco","1.0"
"34185","LineageNPC5.epic_tauti_archeologist","LineageNpcs5.epic_tauti_archeologist_m00","LineageEffect2.npc_stand_deco","1.0"
"34194","LineageNPC2.dilios","LineageNPCs2.dilios_m00","LineageEffect2.npc_stand_deco","1.0"
"34195","LineageNPC5.epic_tauti_archeologist","LineageNpcs5.epic_tauti_archeologist_m00","LineageEffect2.npc_stand_deco","1.0"
"34203","LineageNPC.a_traderD_Mhuman","LineageNPCs.a_traderD_Mhuman_m00","LineageEffect2.npc_stand_deco","1.0"
"34204","LineageNPC2.event_birth_alegria","LineageNPCs2.event_birth_alegria_m00","LineageEffect2.npc_stand_deco","1.0"
"34208","LineageNPC2.jackpot_event_master","LineageNPCs2.jackpot_event_master_m00","LineageEffect2.npc_stand_deco","1.0"
"34219","LineageNPC2.gustaf_athebalt","LineageNPCs2.gustaf_athebaldt_m00","LineageEffect2.npc_stand_deco","0.0"
"34228","LineageMonster5.guildmaster_jinia","LineageMonsters5.guildmaster_jinia_m00","LineageEffect2.npc_stand_deco","1.0"
"34229","LineageMonster5.swordmaster_kegor","LineageMonsters5.swordmaster_kegor_m00","LineageEffect2.npc_stand_deco","1.0"
"34233","LineageNPC5.ert_guildmaster_f_b","LineageNPCs5.ert_guildmaster_f_b_m00","LineageEffect2.npc_stand_deco","1.0"
"34234","LineageMonster13.fairy_civilian_a","LineageNPCs2.fairy_civilian_a","LineageEffect2.npc_stand_deco","1.0"
"34235","LineageNPC3.fairy_civilian","LineageNPCs3.fairy_civilian_m00","LineageEffect2.npc_stand_deco","1.0"
"34236","LineageNPC3.teleporter_cat_100p","LineageNPCs3.teleporter_cat_m00","LineageEffect2.npc_stand_deco","1.0"
"34237","LineageMonster6.genesis_bird_100p","LineageMonsters6.genesis_bird_m00","LineageEffect2.npc_stand_deco","1.0"
"34238","LineageNpc3.illusion_larcis","LineageNPCs3.illusion_larcis_m00","LineageEffect2.npc_stand_deco","1.0"
"34239","LineageNPC.a_teleporter_FElf","LineageNPCs.a_teleporter_FElf_m00","LineageEffect2.npc_stand_deco","1.0"
"34240","LineageNPC4.lionel_hunter","LineageNPCs4.lionel_hunter_m00","LineageEffect2.npc_stand_deco","1.0"
"34241","LineageNPC5.herphah","LineageNPCs5.herphah_m00","LineageEffect2.npc_stand_deco","1.0"
"34242","LineageNPC5.hardin_MHuman","LineageNPCs5.hardin_MHuman_m00","LineageEffect2.npc_stand_deco","1.0"
"34243","LineageNPC.a_teleporter_FDarkElf_a","LineageNPCs.a_teleporter_FDarkElf_m00","LineageEffect2.npc_stand_deco","1.0"
"34247","LineageNPC3.fairy_civilian","LineageNPCs3.fairy_civilian_m00","LineageEffect2.npc_stand_deco","1.0"
"34249","LineageNpc2.agit_maid_c","LineageNPCs2.agit_maid_c_m00","LineageEffect2.npc_stand_deco","1.0"
"34250","LineageNPC.e_mine_teacher_MDwarf","LineageNPCs.e_mine_teacher_MDwarf_m00","LineageEffect2.npc_stand_deco","1.0"
"34251","LineageNPC.e_mine_teacher_FDwarf","LineageNPCs.e_mine_teacher_FDwarf_m00","LineageEffect2.npc_stand_deco","1.0"
"34252","LineageNPC.e_mine_master_MDwarf","LineageNPCs.e_mine_master_MDwarf_m00","LineageEffect2.npc_stand_deco","1.0"
"34255","LineageMonster5.event_mimic_gold","LineageMonsters5.bounded_mimic_m00","LineageEffect2.npc_stand_deco_g","1.0"
"34307","LineageNPC4.a_fighterguild_teacher_MHuman","LineageNPCs4.a_fighterguild_teacher_MHuman_m00","LineageEffect.u_npc_id_b","1.0"
"34311","LineageNPC5.chef_Mhuman","LineageNpcs5.chef_Mhuman_m00","LineageEffect2.npc_stand_deco","1.0"
"34319","LineageMonster13.ndwarf_guard","LineageMonsters16.ndwarf_guard_m00","LineageEffect2.npc_stand_deco","1.0"
"34320","LineageNPC3.illusion_shannon","LineageNPCs3.illusion_shannon_m00","LineageEffect2.npc_stand_deco","1.0"
"34321","LineageNpc2.gracia_meofficer_1hs","LineageNPCs2.gracia_meofficer_1hs_m00","LineageEffect2.npc_stand_deco","1.0"
"34322","LineageNPC5.camille_npc","LineageNPCs5.camille_npc_m00","LineageEffect2.npc_stand_deco","1.0"
"34327","LineageNPC4.e_trader_Forc_color","LineageNPCs4.e_fighterguild_teacher_FOrc_m00","LineageEffect2.npc_stand_deco","1.0"
"34329","LineageMonster5.event_mimic_gold","LineageMonsters5.bounded_mimic_m00","LineageEffect2.npc_stand_deco_g","1.0"
"34332","LineageNPC.a_traderD_Mhuman","LineageNPCs.a_traderD_Mhuman_m00","LineageEffect2.npc_stand_deco","1.0"
"34336","LineageMonster.mimic_even","LineageMonsters.alchemic_box_m00","LineageEffect.u_e_u860_deco_b","0.8"
"34340","LineageNPC5.epic_freya_saiyan","LineageNpcs5.epic_freya_saiyan_m00","LineageEffect.u_npc_id_b","1.0"
"34341","LineageMonster9.bv_monk","LineageMonsters9.bv_monk_m00","LineageEffect.u_npc_id_b","1.0"
"34343","LineageNpc3.illusion_theodore","LineageNPCs3.illusion_theodore_m00","LineageEffect2.npc_stand_deco","1.0"
"34344","LineageMonster9.bv_monk","LineageMonsters9.bv_monk_m00","LineageEffect.u_npc_id_b","1.0"
"34346","LineageNpc3.illusion_theodore","LineageNPCs3.illusion_theodore_m00","LineageEffect2.npc_stand_deco","1.0"
"34347","LineageMonster2.Pet_Tiger_1Step","LineageMonsters2.baby_tiger_m00","LineageEffect2.npc_stand_deco","1.0"
"34348","LineageMonster2.Pet_Tiger_1Step","LineageMonsters2.baby_tiger_m00","LineageEffect2.npc_stand_deco","1.0"
"34349","LineageNPC2.tp_actor_firewood","LineageNPCs2.tp_actor_m00","LineageEffect.u_10th_event_num_deco","0.6"
"34358","LineageNpcEV.seal_of_awaken_60p","LineageNpcsEV.seal_m00","LineageEffect2.h_b_bigorc_deco","1.1"
"34364","LineageNPC5.ert_pontife_entourage_f_b","LineageNPCs5.ert_pontife_entourage_f_b_m00","LineageEffect.u_npc_id_b","0.0"
"34365","LineageNPC5.ert_pontife_entourage_f_b","LineageNPCs5.ert_pontife_entourage_f_b_m00","LineageEffect2.npc_stand_deco","0.0"
"34382","LineageNPC5.epic_freya_saiyan","LineageNpcs5.epic_freya_saiyan_m00","LineageEffect2.npc_stand_deco","1.0"
"34385","LineageNpc2.hanbok_fairy","Branch2.br_aga_han_m00","LineageEffect_br.br_e_aga_twinkles","3.0"
"34386","LineageNPC2.gracia_soldier","LineageNPCs2.gracia_soldier_m00","LineageEffect2.npc_stand_deco","1.0"
"34397","LineageNPC5.assassin_aclass","LineageNPCs5.Assassin_Aclass_m00","LineageEffect2.npc_stand_deco","1.5"
"34398","LineageNPC.a_traderD_Fhuman","LineageNPCs.a_traderD_Fhuman_m00","LineageEffect2.npc_stand_deco","1.0"
"34399","LineageNPC5.epic_freya_kanna","LineageNpcs5.epic_freya_kanna_m00","LineageEffect2.npc_stand_deco","1.0"
"34400","LineageNPC.a_trader_Fdarkelf","LineageNPCs.a_trader_FDarkelf_m00","LineageEffect_br.br_e_aga_twinkles","1.5"
"34405","LineageMonster13.sp_summon_cat_mage_a","LineageMonsters14.sp_summon_cat_mage_m00","LineageEffect2.npc_stand_deco","1.0"
"34409","LineageNPC2.santa_claus_120p","LineageNPCs2.Santa_Claus_m00","LineageEffect_br.br_e_aga_twinkles","4.0"
"34411","LineageMonster13.Dethrone_Seo","LineageMonsters13.Dethrone_Seo_m00","LineageEffect2.npc_stand_deco","1.0"
"34412","LineageNPC5.ert_guildmaster_f_a","LineageNPCs5.ert_guildmaster_f_a_m00","LineageEffect2.npc_stand_deco","0.0"
"34413","LineageMonster5.glacia_tired_soldier","LineageMonsters5.glacia_tired_soldier_m00","LineageEffect2.npc_stand_deco","1.2"
"34417","LineageMonster13.fairy_civilian_a","LineageNPCs2.fairy_civilian_a","LineageEffect2.npc_stand_deco","1.0"
"34418","LineageNPC3.teleporter_cat_100p","LineageNPCs3.teleporter_cat_m00","LineageEffect2.npc_stand_deco","1.0"
"34419","LineageMonster6.genesis_bird_100p","LineageMonsters6.genesis_bird_m00","LineageEffect2.npc_stand_deco","1.0"
"34420","LineageNpc3.illusion_larcis","LineageNPCs3.illusion_larcis_m00","LineageEffect2.npc_stand_deco","1.0"
"34421","LineageNPC4.a_traderB_MHuman","LineageNPCs4.a_traderB_MHuman_m00","LineageEffect2.npc_stand_deco","1.0"
"34422","LineageNPC.a_traderD_Fhuman","LineageNPCs.a_traderD_Fhuman_m00","LineageEffect2.npc_stand_deco","1.0"
"34423","LineageNPC4.a_traderB_MHuman","LineageNPCs4.a_traderB_MHuman_m00","LineageEffect2.npc_stand_deco","1.0"
"34424","LineageNPC3.illusion_lamiya","LineageNPCs3.illusion_lamiya_m00","LineageEffect_br.br_e_aga_twinkles","2.0"
"34428","LineageNPC4.a_patriarch_MElf","LineageNPCs4.a_patriarch_MElf_m00","LineageEffect.w_dimen_warp_deco","0.8"
"34428","LineageNPC4.a_patriarch_MElf","LineageNPCs4.a_patriarch_MElf_m00","LineageEffect.w_dimen_warp2_deco","1.0"
"34429","LineageNPC4.e_collector_teacher_MDwarf","LineageNPCs4.e_collector_teacher_MDwarf_m00","LineageEffect2.npc_stand_deco","1.0"
"34430","LineageNPC5.ev_oman_13f_guide","LineageNPCs5.ert_alchemy_f_a_m00","LineageEffect_br.br_e_aga_twinkles","1.5"
"34433","LineageNPC.a_mageguild_teacher_FHuman","LineageNPCs.a_mageguild_teacher_FHuman_m00","LineageEffect2.npc_stand_deco","1.0"
"34434","LineageNPC.broadcasting_tower","LineageNpcs.castle_aden_controltower_jewel_m00","LineageEffect2.npc_stand_deco","1.0"
"34435","LineageMonster4.roaming_Msoul","LineageMonsters4.roaming_Msoul_m00","LineageEffect2.npc_stand_deco","1.0"
"34437","LineageNPC4.a_traderB_MHuman","LineageNPCs4.a_traderB_MHuman_m00","LineageEffect2.npc_stand_deco","1.0"
"34438","LineageMonster5.tr_hope_box","LineageMonsters5.bounded_mimic_m00","LineageEffect2.npc_stand_deco","1.0"
"34439","LineageMonster5.tr_hope_box","LineageMonsters5.bounded_mimic_m00","LineageEffect2.npc_stand_deco","1.3"
"34440","LineageMonster5.tr_hope_box","LineageMonsters5.bounded_mimic_m00","LineageEffect2.npc_stand_deco","1.6"
"34448","LineageNPC4.a_patriarch_MElf","LineageNPCs4.a_patriarch_MElf_m00","LineageEffect.w_dimen_warp_deco","0.8"
"34448","LineageNPC4.a_patriarch_MElf","LineageNPCs4.a_patriarch_MElf_m00","LineageEffect.w_dimen_warp2_deco","1.0"
"34452","LineageNPC.e_collector_master_MDwarf","LineageNPCs.e_collector_master_MDwarf_m00","LineageEffect2.npc_stand_deco","0.0"
"34454","LineageMonster13.fairy_civilian_a","LineageNPCs2.fairy_civilian_a","LineageEffect2.npc_stand_deco","1.0"
"34455","LineageNPC2.eva","LineageNPCs2.eva_m00","LineageEffect2.npc_stand_deco","1.0"
"34456","LineageNPC4.a_trader_FElf","LineageNPCs4.a_trader_FElf_m00","LineageEffect2.npc_stand_deco","1.0"
"34463","LineageMonster6.genesis_bird_100p","LineageMonsters6.genesis_bird_m00","LineageEffect2.npc_stand_deco","1.0"
"34475","LineageNPC5.ert_guildmaster_f_b","LineageNPCs5.ert_guildmaster_f_b_m00","LineageEffect2.npc_stand_deco","1.0"
"34480","LineageNPC2.santa_claus_120p","LineageNPCs2.Santa_Claus_m00","LineageEffect2.npc_stand_deco","1.0"
